rotated_images_B,0.9051724137931034,0.2112068965517241,0.5732758620689655,0.0948275862068965,0.3922413793103448,-0.1465517241379310,0.2500000000000000,-0.2974137931034483,0.1551724137931035,-0.4396551724137931,0.6077586206896551,-0.5689655172413793,0.4870689655172414,-0.8620689655172413,0.2844827586206897,-0.8232758620689655,0.1767241379310345,-0.7155172413793104,0.6939655172413793,-0.5862068965517241,0.4870689655172414,-0.8965517241379310,0.2543103448275862,-0.7758620689655172,0.1810344827586207,-0.6120689655172413,0.7629310344827587,-0.5689655172413793,0.5560344827586207,-0.8534482758620690,0.3189655172413793,-0.7327586206896551,0.2370689655172414,-0.5689655172413793,0.8146551724137931,-0.5215517241379310,0.6206896551724138,-0.7456896551724138,0.4310344827586207,-0.6939655172413793,0.3362068965517241,-0.5775862068965517,-0.9051724137931034,-0.2112068965517241,-0.5086206896551724,-0.1810344827586207,-0.2758620689655172,-0.3103448275862069,-0.0775862068965517,-0.3750000000000000,0.0775862068965517,-0.4784482758620690,-0.4525862068965517,-0.8318965517241379,-0.1336206896551724,-0.9181034482758621,0.0732758620689655,-0.7715517241379310,0.1594827586206897,-0.6206896551724138,-0.5000000000000000,-0.8793103448275862,-0.0775862068965517,-0.9870689655172413,0.1250000000000000,-0.7801724137931034,0.1637931034482759,-0.5862068965517241,-0.5129310344827587,-0.8706896551724138,-0.1077586206896552,-1.0000000000000000,0.0991379310344828,-0.7931034482758621,0.1508620689655172,-0.6120689655172413,-0.5000000000000000,-0.7844827586206896,-0.1465517241379310,-0.8577586206896551,0.0344827586206897,-0.7327586206896551,0.1077586206896552,-0.6034482758620690
rotated_images_B,0.8968421052631579,-0.1410526315789474,0.5515789473684211,-0.1368421052631579,0.3073684210526316,-0.2842105263157895,0.1178947368421053,-0.3768421052631579,-0.0126315789473684,-0.4905263157894737,0.3705263157894737,-0.7642105263157895,0.1473684210526316,-0.9831578947368421,-0.0210526315789474,-0.8778947368421053,-0.0884210526315789,-0.7557894736842106,0.4421052631578947,-0.8105263157894737,0.1263157894736842,-1.0000000000000000,-0.0252631578947368,-0.8105263157894737,-0.0210526315789474,-0.6421052631578947,0.5052631578947369,-0.8147368421052632,0.1978947368421053,-0.9915789473684210,0.0378947368421053,-0.7978947368421052,0.0252631578947368,-0.6168421052631579,0.5600000000000001,-0.7810526315789473,0.2821052631578947,-0.9157894736842105,0.1431578947368421,-0.8021052631578948,0.1178947368421053,-0.6589473684210526,-0.8968421052631579,0.1410526315789474,-0.5136842105263157,0.0189473684210526,-0.3452631578947368,-0.1915789473684210,-0.1852631578947369,-0.3305263157894737,-0.0926315789473684,-0.4905263157894737,-0.7031578947368421,-0.6000000000000000,-0.4547368421052632,-0.8021052631578948,-0.2273684210526316,-0.7473684210526316,-0.0884210526315789,-0.6547368421052632,-0.7578947368421053,-0.6252631578947369,-0.4252631578947368,-0.8821052631578947,-0.1768421052631579,-0.7810526315789473,-0.0673684210526316,-0.6294736842105263,-0.7705263157894737,-0.6168421052631579,-0.4631578947368421,-0.8778947368421053,-0.2063157894736842,-0.7726315789473684,-0.0884210526315789,-0.6294736842105263,-0.7284210526315790,-0.5452631578947369,-0.4336842105263158,-0.7263157894736842,-0.2273684210526316,-0.6800000000000000,-0.1094736842105263,-0.5873684210526315
rotated_images_B,0.8865546218487395,-0.2394957983193277,0.5378151260504201,-0.1974789915966386,0.2731092436974790,-0.3193277310924370,0.0672268907563025,-0.3865546218487395,-0.0798319327731092,-0.4747899159663865,0.2857142857142857,-0.8025210084033614,0.0378151260504202,-1.0000000000000000,-0.1302521008403361,-0.9075630252100840,-0.2058823529411765,-0.7983193277310925,0.3487394957983193,-0.8529411764705882,0.0042016806722689,-1.0000000000000000,-0.1176470588235294,-0.7983193277310925,-0.0924369747899160,-0.6302521008403361,0.4117647058823529,-0.8613445378151261,0.0840336134453782,-1.0000000000000000,-0.0462184873949580,-0.7899159663865546,-0.0378151260504202,-0.6050420168067226,0.4705882352941176,-0.8319327731092437,0.1890756302521008,-0.9369747899159664,0.0630252100840336,-0.8109243697478992,0.0420168067226891,-0.6638655462184874,-0.8865546218487395,0.2394957983193277,-0.5168067226890757,0.0882352941176471,-0.3697478991596639,-0.1428571428571428,-0.2226890756302521,-0.3025210084033613,-0.1470588235294118,-0.4705882352941176,-0.7563025210084033,-0.5126050420168067,-0.5294117647058824,-0.7436974789915967,-0.3025210084033613,-0.7100840336134454,-0.1680672268907563,-0.6302521008403361,-0.8193277310924370,-0.5378151260504201,-0.5210084033613446,-0.8193277310924370,-0.2563025210084033,-0.7478991596638656,-0.1302521008403361,-0.6050420168067226,-0.8319327731092437,-0.5294117647058824,-0.5504201680672269,-0.8193277310924370,-0.2773109243697479,-0.7436974789915967,-0.1386554621848740,-0.6050420168067226,-0.7857142857142857,-0.4663865546218487,-0.5168067226890757,-0.6848739495798319,-0.2983193277310924,-0.6638655462184874,-0.1638655462184874,-0.5882352941176471
rotated_images_B,0.8595041322314050,-0.3181818181818182,0.4958677685950413,-0.2520661157024793,0.2148760330578512,-0.3471074380165289,0.0041322314049587,-0.4049586776859504,-0.1280991735537190,-0.4793388429752066,0.2107438016528926,-0.8388429752066116,-0.0661157024793388,-0.9876033057851240,-0.1983471074380165,-0.8347107438016529,-0.2272727272727273,-0.6942148760330579,0.2685950413223140,-0.8842975206611571,-0.0991735537190083,-1.0000000000000000,-0.2066115702479339,-0.7809917355371900,-0.1652892561983471,-0.6198347107438017,0.3305785123966942,-0.8925619834710744,-0.0247933884297521,-0.9958677685950413,-0.1404958677685950,-0.7768595041322314,-0.1115702479338843,-0.5991735537190083,0.3884297520661157,-0.8595041322314050,0.0743801652892562,-0.9421487603305785,-0.0371900826446281,-0.7975206611570248,-0.0289256198347107,-0.6487603305785123,-0.8595041322314050,0.3181818181818182,-0.5082644628099173,0.1280991735537190,-0.3760330578512397,-0.1198347107438017,-0.2479338842975207,-0.2975206611570248,-0.2107438016528926,-0.4710743801652892,-0.8099173553719008,-0.4421487603305785,-0.6157024793388429,-0.7066115702479339,-0.3842975206611570,-0.7024793388429752,-0.2272727272727273,-0.6280991735537190,-0.8677685950413223,-0.4504132231404959,-0.5950413223140496,-0.7809917355371900,-0.3305785123966942,-0.7314049586776860,-0.1983471074380165,-0.5909090909090909,-0.8719008264462810,-0.4380165289256198,-0.6280991735537190,-0.7561983471074381,-0.3512396694214876,-0.7066115702479339,-0.2107438016528926,-0.5785123966942148,-0.8223140495867769,-0.3760330578512397,-0.5867768595041323,-0.6239669421487604,-0.3760330578512397,-0.6280991735537190,-0.2355371900826446,-0.5619834710743802
rotated_images_B,0.9113924050632911,-0.0421940928270042,0.5696202531645570,-0.0843881856540084,0.3459915611814346,-0.2447257383966245,0.1603375527426160,-0.3628691983122363,0.0379746835443038,-0.4767932489451477,0.4767932489451477,-0.7341772151898734,0.2700421940928270,-0.9746835443037974,0.0970464135021097,-0.8734177215189873,0.0337552742616034,-0.7552742616033755,0.5485232067510548,-0.7679324894514767,0.2362869198312236,-1.0000000000000000,0.0632911392405063,-0.8270042194092827,0.0548523206751055,-0.6582278481012658,0.6033755274261603,-0.7594936708860760,0.2995780590717300,-0.9662447257383966,0.1223628691983122,-0.7848101265822784,0.1012658227848101,-0.6118143459915611,0.6413502109704642,-0.7172995780590717,0.3670886075949367,-0.8818565400843882,0.2194092827004220,-0.7763713080168776,0.1940928270042194,-0.6371308016877637,-0.9113924050632911,0.0421940928270042,-0.5147679324894515,-0.0295358649789030,-0.3248945147679325,-0.2236286919831224,-0.1476793248945148,-0.3459915611814346,-0.0464135021097046,-0.4978902953586498,-0.6244725738396625,-0.6666666666666666,-0.3628691983122363,-0.8523206751054853,-0.1434599156118143,-0.7721518987341772,-0.0168776371308017,-0.6624472573839663,-0.6835443037974683,-0.7004219409282700,-0.3375527426160337,-0.9240506329113924,-0.0886075949367089,-0.8016877637130801,0.0042194092827004,-0.6371308016877637,-0.6962025316455697,-0.6919831223628692,-0.3713080168776371,-0.9240506329113924,-0.1181434599156118,-0.7890295358649789,-0.0168776371308017,-0.6286919831223629,-0.6666666666666666,-0.6160337552742616,-0.3586497890295359,-0.7721518987341772,-0.1518987341772152,-0.7004219409282700,-0.0421940928270042,-0.5949367088607594
rotated_images_B,0.8774193548387097,0.3204301075268817,0.5505376344086022,0.1397849462365591,0.3913978494623656,-0.1096774193548387,0.2623655913978495,-0.2817204301075269,0.1806451612903226,-0.4451612903225807,0.6623655913978495,-0.4924731182795699,0.5333333333333333,-0.7806451612903226,0.3354838709677420,-0.7505376344086021,0.2236559139784946,-0.6516129032258065,0.7440860215053764,-0.5010752688172043,0.5591397849462365,-0.8365591397849462,0.3268817204301075,-0.7462365591397849,0.2322580645161290,-0.6043010752688172,0.8129032258064516,-0.4795698924731183,0.6279569892473118,-0.7935483870967742,0.3784946236559140,-0.7032258064516129,0.2623655913978495,-0.5440860215053763,0.8602150537634409,-0.4279569892473118,0.6752688172043011,-0.6860215053763441,0.4774193548387097,-0.6516129032258065,0.3655913978494624,-0.5397849462365591,-0.8774193548387097,-0.3204301075268817,-0.4860215053763441,-0.2387096774193548,-0.2408602150537635,-0.3462365591397850,-0.0430107526881720,-0.3849462365591398,0.1333333333333333,-0.4752688172043011,-0.3569892473118280,-0.8623655913978494,-0.0387096774193548,-0.9139784946236559,0.1462365591397849,-0.7548387096774194,0.2107526881720430,-0.6043010752688172,-0.4000000000000000,-0.9182795698924732,0.0215053763440860,-0.9784946236559140,0.1978494623655914,-0.7548387096774194,0.2150537634408602,-0.5655913978494623,-0.4215053763440860,-0.9182795698924732,0.0000000000000000,-1.0000000000000000,0.1763440860215054,-0.7763440860215054,0.1935483870967742,-0.5956989247311828,-0.4215053763440860,-0.8451612903225807,-0.0559139784946237,-0.8795698924731182,0.1032258064516129,-0.7290322580645161,0.1462365591397849,-0.5956989247311828
rotated_images_B,0.8690987124463520,0.4163090128755365,0.5515021459227468,0.1888412017167382,0.4227467811158798,-0.0643776824034335,0.3240343347639485,-0.2403433476394850,0.2596566523605150,-0.4163090128755365,0.7188841201716738,-0.4163090128755365,0.6201716738197425,-0.7081545064377682,0.4313304721030043,-0.7081545064377682,0.3240343347639485,-0.6309012875536480,0.8047210300429185,-0.4206008583690987,0.6716738197424893,-0.7682403433476395,0.4399141630901288,-0.7210300429184550,0.3283261802575107,-0.6008583690987125,0.8733905579399142,-0.3905579399141631,0.7317596566523605,-0.7210300429184550,0.4828326180257511,-0.6738197424892703,0.3540772532188841,-0.5364806866952789,0.9077253218884120,-0.3347639484978541,0.7575107296137339,-0.6008583690987125,0.5600858369098712,-0.5965665236051502,0.4313304721030043,-0.5021459227467812,-0.8690987124463520,-0.4163090128755365,-0.4484978540772532,-0.2789699570815450,-0.1824034334763948,-0.3605150214592275,0.0236051502145923,-0.3905579399141631,0.1995708154506438,-0.4506437768240343,-0.2339055793991416,-0.8755364806866953,0.0751072961373391,-0.9270386266094420,0.2381974248927039,-0.7553648068669528,0.2939914163090129,-0.5922746781115880,-0.2725321888412017,-0.9313304721030042,0.1351931330472103,-0.9828326180257511,0.2939914163090129,-0.7510729613733905,0.2896995708154507,-0.5579399141630901,-0.2939914163090129,-0.9356223175965666,0.1094420600858369,-1.0000000000000000,0.2639484978540773,-0.7639484978540773,0.2811158798283262,-0.5751072961373390,-0.3068669527896996,-0.8669527896995708,0.0364806866952790,-0.8755364806866953,0.1866952789699571,-0.7253218884120172,0.2381974248927039,-0.5751072961373390
rotated_images_B,0.8156182212581344,0.4967462039045553,0.5249457700650759,0.2364425162689805,0.4164859002169197,-0.0412147505422994,0.3297180043383948,-0.2364425162689805,0.2993492407809111,-0.4099783080260304,0.7722342733188721,-0.3622559652928417,0.7158351409978309,-0.6832971800433839,0.5162689804772235,-0.6789587852494577,0.3991323210412148,-0.5965292841648590,0.8503253796095445,-0.3535791757049891,0.7592190889370932,-0.7266811279826464,0.5075921908893709,-0.6876355748373102,0.3947939262472885,-0.5704989154013015,0.9154013015184381,-0.3188720173535792,0.7982646420824295,-0.6702819956616052,0.5379609544468547,-0.6312364425162690,0.3991323210412148,-0.4967462039045553,0.9457700650759219,-0.2581344902386117,0.8112798264642083,-0.5444685466377440,0.6073752711496746,-0.5488069414316703,0.4772234273318872,-0.4446854663774403,-0.8156182212581344,-0.4967462039045553,-0.4208242950108460,-0.3318872017353579,-0.1561822125813449,-0.3926247288503254,0.0477223427331887,-0.3969631236442516,0.2299349240780911,-0.4490238611713666,-0.1518438177874187,-0.9175704989154013,0.1735357917570499,-0.9045553145336226,0.3210412147505423,-0.7136659436008677,0.3557483731019523,-0.5488069414316703,-0.1822125813449024,-0.9826464208242950,0.2429501084598698,-0.9696312364425163,0.3774403470715835,-0.7223427331887202,0.3514099783080260,-0.5271149674620390,-0.2039045553145336,-0.9826464208242950,0.2169197396963124,-1.0000000000000000,0.3514099783080260,-0.7527114967462039,0.3427331887201736,-0.5618221258134490,-0.2212581344902386,-0.9088937093275488,0.1344902386117137,-0.8785249457700651,0.2689804772234273,-0.7136659436008677,0.2993492407809111,-0.5574837310195228
rotated_images_B,0.9065217391304348,0.2130434782608696,0.5630434782608695,0.0913043478260870,0.3804347826086957,-0.1565217391304348,0.2369565217391304,-0.3130434782608696,0.1500000000000000,-0.4478260869565218,0.5891304347826087,-0.5782608695652174,0.4586956521739131,-0.8652173913043478,0.2500000000000000,-0.8086956521739130,0.1456521739130435,-0.6913043478260870,0.6760869565217391,-0.6000000000000000,0.4673913043478261,-0.9086956521739130,0.2369565217391304,-0.7826086956521739,0.1630434782608696,-0.6086956521739131,0.7543478260869565,-0.5826086956521739,0.5413043478260869,-0.8652173913043478,0.3065217391304348,-0.7391304347826086,0.2195652173913044,-0.5652173913043478,0.8108695652173913,-0.5347826086956522,0.6152173913043478,-0.7652173913043478,0.4239130434782609,-0.7086956521739131,0.3282608695652174,-0.5826086956521739,-0.9065217391304348,-0.2130434782608696,-0.5108695652173914,-0.1826086956521739,-0.2804347826086956,-0.3173913043478261,-0.0847826086956522,-0.3782608695652174,0.0760869565217391,-0.4869565217391305,-0.4630434782608696,-0.8304347826086956,-0.1413043478260869,-0.9130434782608695,0.0586956521739130,-0.7739130434782608,0.1326086956521739,-0.6304347826086957,-0.5108695652173914,-0.8782608695652174,-0.0934782608695652,-0.9869565217391304,0.1065217391304348,-0.7869565217391304,0.1413043478260869,-0.6043478260869565,-0.5282608695652173,-0.8782608695652174,-0.1152173913043478,-1.0000000000000000,0.0847826086956522,-0.8043478260869565,0.1239130434782609,-0.6260869565217392,-0.5195652173913043,-0.7956521739130434,-0.1543478260869565,-0.8652173913043478,0.0195652173913043,-0.7434782608695653,0.0847826086956522,-0.6173913043478261
rotated_images_B,0.8947368421052632,-0.1452631578947368,0.5494736842105263,-0.1410526315789474,0.3010526315789473,-0.2884210526315790,0.1073684210526316,-0.3852631578947369,-0.0273684210526316,-0.4905263157894737,0.3684210526315789,-0.7684210526315789,0.1494736842105263,-0.9915789473684210,-0.0147368421052632,-0.8947368421052632,-0.0821052631578947,-0.7726315789473684,0.4357894736842105,-0.8105263157894737,0.1157894736842105,-1.0000000000000000,-0.0273684210526316,-0.8105263157894737,-0.0189473684210526,-0.6378947368421053,0.4989473684210526,-0.8147368421052632,0.1915789473684210,-0.9873684210526316,0.0357894736842105,-0.7936842105263158,0.0231578947368421,-0.6126315789473684,0.5536842105263158,-0.7768421052631579,0.2842105263157895,-0.9157894736842105,0.1452631578947368,-0.7978947368421052,0.1157894736842105,-0.6547368421052632,-0.8947368421052632,0.1452631578947368,-0.5115789473684210,0.0189473684210526,-0.3473684210526316,-0.1873684210526316,-0.1873684210526316,-0.3263157894736842,-0.0947368421052632,-0.4821052631578948,-0.7094736842105264,-0.5957894736842105,-0.4568421052631579,-0.7978947368421052,-0.2294736842105263,-0.7431578947368421,-0.0905263157894737,-0.6505263157894737,-0.7642105263157895,-0.6210526315789474,-0.4273684210526316,-0.8736842105263158,-0.1789473684210526,-0.7768421052631579,-0.0652631578947368,-0.6294736842105263,-0.7768421052631579,-0.6126315789473684,-0.4694736842105263,-0.8736842105263158,-0.2084210526315790,-0.7726315789473684,-0.0863157894736842,-0.6294736842105263,-0.7347368421052631,-0.5410526315789473,-0.4442105263157895,-0.7263157894736842,-0.2336842105263158,-0.6842105263157895,-0.1115789473684211,-0.5957894736842105
rotated_images_B,0.8846960167714885,-0.2410901467505241,0.5366876310272537,-0.1991614255765199,0.2683438155136268,-0.3165618448637317,0.0670859538784067,-0.3836477987421384,-0.0754716981132075,-0.4758909853249476,0.2767295597484277,-0.7945492662473794,0.0377358490566038,-0.9916142557651991,-0.1257861635220126,-0.8867924528301887,-0.1928721174004193,-0.7735849056603774,0.3438155136268344,-0.8490566037735849,0.0041928721174004,-1.0000000000000000,-0.1132075471698113,-0.7945492662473794,-0.0880503144654088,-0.6310272536687631,0.4067085953878407,-0.8616352201257862,0.0838574423480084,-1.0000000000000000,-0.0461215932914046,-0.7903563941299790,-0.0335429769392034,-0.6058700209643606,0.4696016771488470,-0.8322851153039832,0.1886792452830189,-0.9412997903563941,0.0628930817610063,-0.8113207547169812,0.0461215932914046,-0.6645702306079665,-0.8846960167714885,0.2410901467505241,-0.5199161425576520,0.0859538784067086,-0.3731656184486373,-0.1488469601677149,-0.2222222222222222,-0.3081761006289308,-0.1551362683438155,-0.4800838574423480,-0.7672955974842768,-0.5094339622641509,-0.5366876310272537,-0.7316561844863732,-0.3060796645702306,-0.7023060796645703,-0.1593291404612159,-0.6268343815513627,-0.8218029350104822,-0.5345911949685535,-0.5199161425576520,-0.8155136268343816,-0.2557651991614256,-0.7442348008385744,-0.1257861635220126,-0.6058700209643606,-0.8301886792452831,-0.5262054507337526,-0.5534591194968553,-0.8197064989517819,-0.2809224318658281,-0.7442348008385744,-0.1425576519916142,-0.6058700209643606,-0.7840670859538784,-0.4716981132075472,-0.5157232704402516,-0.6897274633123690,-0.3060796645702306,-0.6687631027253669,-0.1677148846960168,-0.5932914046121593
rotated_images_B,0.8486707566462167,-0.3128834355828221,0.4928425357873211,-0.2474437627811861,0.2188139059304703,-0.3456032719836401,0.0143149284253579,-0.4028629856850716,-0.1288343558282209,-0.4764826175869121,0.2065439672801636,-0.8200408997955010,-0.0633946830265849,-0.9631901840490797,-0.1901840490797546,-0.7995910020449898,-0.2024539877300613,-0.6605316973415133,0.2678936605316973,-0.8732106339468303,-0.0838445807770961,-1.0000000000000000,-0.1983640081799591,-0.7832310838445807,-0.1615541922290389,-0.6278118609406953,0.3292433537832311,-0.8854805725971370,-0.0184049079754601,-0.9959100204498977,-0.1329243353783231,-0.7750511247443763,-0.1002044989775051,-0.5991820040899796,0.3905930470347648,-0.8568507157464212,0.0797546012269939,-0.9304703476482618,-0.0306748466257669,-0.7832310838445807,-0.0102249488752556,-0.6400817995910021,-0.8486707566462167,0.3128834355828221,-0.4969325153374233,0.1247443762781186,-0.3701431492842536,-0.1247443762781186,-0.2392638036809816,-0.2965235173824131,-0.2024539877300613,-0.4683026584867075,-0.7995910020449898,-0.4396728016359918,-0.6032719836400818,-0.7055214723926381,-0.3742331288343558,-0.6973415132924335,-0.2188139059304703,-0.6237218813905930,-0.8527607361963190,-0.4478527607361963,-0.5828220858895705,-0.7750511247443763,-0.3210633946830266,-0.7218813905930470,-0.1901840490797546,-0.5828220858895705,-0.8609406952965235,-0.4355828220858896,-0.6196319018404908,-0.7546012269938650,-0.3456032719836401,-0.7014314928425358,-0.2065439672801636,-0.5746421267893661,-0.8077709611451943,-0.3742331288343558,-0.5746421267893661,-0.6196319018404908,-0.3660531697341513,-0.6196319018404908,-0.2269938650306748,-0.5541922290388548
rotated_images_B,0.9094736842105263,-0.0442105263157895,0.5642105263157895,-0.0821052631578947,0.3452631578947368,-0.2421052631578947,0.1600000000000000,-0.3557894736842105,0.0378947368421053,-0.4694736842105263,0.4842105263157895,-0.7347368421052631,0.2610526315789474,-0.9621052631578947,0.0884210526315789,-0.8526315789473684,0.0294736842105263,-0.7221052631578947,0.5473684210526316,-0.7684210526315789,0.2315789473684211,-1.0000000000000000,0.0547368421052632,-0.8231578947368421,0.0463157894736842,-0.6589473684210526,0.6021052631578947,-0.7600000000000000,0.2905263157894737,-0.9663157894736842,0.1136842105263158,-0.7852631578947369,0.0926315789473684,-0.6126315789473684,0.6357894736842106,-0.7136842105263158,0.3578947368421053,-0.8778947368421053,0.2105263157894737,-0.7726315789473684,0.1852631578947369,-0.6336842105263157,-0.9094736842105263,0.0442105263157895,-0.5178947368421053,-0.0315789473684211,-0.3242105263157894,-0.2252631578947368,-0.1473684210526316,-0.3473684210526316,-0.0463157894736842,-0.4947368421052631,-0.6315789473684210,-0.6631578947368421,-0.3663157894736842,-0.8526315789473684,-0.1473684210526316,-0.7726315789473684,-0.0210526315789474,-0.6589473684210526,-0.6863157894736842,-0.6968421052631579,-0.3368421052631579,-0.9242105263157895,-0.0926315789473684,-0.7978947368421052,0.0000000000000000,-0.6336842105263157,-0.7031578947368421,-0.6884210526315789,-0.3747368421052631,-0.9200000000000000,-0.1221052631578947,-0.7894736842105263,-0.0252631578947368,-0.6252631578947369,-0.6694736842105263,-0.6168421052631579,-0.3578947368421053,-0.7684210526315789,-0.1557894736842105,-0.6968421052631579,-0.0463157894736842,-0.5873684210526315
rotated_images_B,0.8696581196581197,0.3162393162393162,0.5448717948717948,0.1324786324786325,0.3867521367521368,-0.1153846153846154,0.2585470085470086,-0.2820512820512820,0.1773504273504274,-0.4444444444444444,0.6602564102564102,-0.4957264957264957,0.5491452991452992,-0.7991452991452992,0.3482905982905983,-0.7820512820512820,0.2329059829059829,-0.6923076923076923,0.7414529914529915,-0.5042735042735043,0.5576923076923077,-0.8461538461538461,0.3269230769230769,-0.7606837606837606,0.2371794871794872,-0.6153846153846154,0.8055555555555556,-0.4786324786324787,0.6217948717948718,-0.7948717948717948,0.3739316239316239,-0.7094017094017094,0.2670940170940171,-0.5512820512820513,0.8482905982905983,-0.4230769230769231,0.6688034188034188,-0.6837606837606838,0.4722222222222222,-0.6538461538461539,0.3653846153846154,-0.5470085470085471,-0.8696581196581197,-0.3162393162393162,-0.4850427350427350,-0.2350427350427350,-0.2371794871794872,-0.3461538461538461,-0.0363247863247863,-0.3846153846153846,0.1303418803418804,-0.4786324786324787,-0.3568376068376068,-0.8589743589743589,-0.0405982905982906,-0.9102564102564102,0.1388888888888889,-0.7521367521367521,0.2029914529914530,-0.6068376068376068,-0.3995726495726496,-0.9145299145299145,0.0149572649572650,-0.9743589743589743,0.1901709401709402,-0.7649572649572649,0.2115384615384615,-0.5811965811965812,-0.4209401709401709,-0.9188034188034188,-0.0021367521367521,-1.0000000000000000,0.1730769230769231,-0.7820512820512820,0.1944444444444444,-0.6025641025641025,-0.4166666666666667,-0.8418803418803419,-0.0576923076923077,-0.8717948717948718,0.1004273504273504,-0.7307692307692307,0.1431623931623932,-0.5940170940170940
rotated_images_B,0.8605150214592274,0.4163090128755365,0.5472103004291845,0.1845493562231760,0.4141630901287554,-0.0686695278969957,0.3111587982832618,-0.2489270386266094,0.2553648068669528,-0.4248927038626609,0.6974248927038627,-0.4206008583690987,0.6030042918454935,-0.7210300429184550,0.4098712446351931,-0.7081545064377682,0.3068669527896996,-0.6180257510729614,0.7875536480686696,-0.4206008583690987,0.6587982832618026,-0.7768240343347640,0.4227467811158798,-0.7167381974248928,0.3197424892703863,-0.5836909871244635,0.8605150214592274,-0.3905579399141631,0.7231759656652360,-0.7253218884120172,0.4742489270386266,-0.6652360515021459,0.3540772532188841,-0.5193133047210300,0.9034334763948498,-0.3304721030042919,0.7575107296137339,-0.6051502145922747,0.5600858369098712,-0.5879828326180258,0.4442060085836910,-0.4806866952789700,-0.8605150214592274,-0.4163090128755365,-0.4484978540772532,-0.2789699570815450,-0.1866952789699571,-0.3605150214592275,0.0193133047210300,-0.3905579399141631,0.1995708154506438,-0.4506437768240343,-0.2381974248927039,-0.8583690987124464,0.0708154506437768,-0.9184549356223176,0.2296137339055794,-0.7467811158798283,0.2811158798283262,-0.5879828326180258,-0.2768240343347639,-0.9227467811158798,0.1309012875536481,-0.9828326180257511,0.2854077253218884,-0.7553648068669528,0.2854077253218884,-0.5622317596566524,-0.2982832618025751,-0.9313304721030042,0.1094420600858369,-1.0000000000000000,0.2596566523605150,-0.7682403433476395,0.2725321888412017,-0.5793991416309013,-0.3111587982832618,-0.8712446351931330,0.0321888412017167,-0.8755364806866953,0.1866952789699571,-0.7210300429184550,0.2381974248927039,-0.5751072961373390
rotated_images_B,0.8195652173913044,0.5000000000000000,0.5282608695652173,0.2391304347826087,0.4152173913043478,-0.0347826086956522,0.3326086956521739,-0.2304347826086957,0.3065217391304348,-0.4086956521739131,0.7630434782608696,-0.3652173913043478,0.7021739130434783,-0.6739130434782609,0.5021739130434782,-0.6826086956521739,0.3847826086956522,-0.6043478260869565,0.8456521739130435,-0.3565217391304348,0.7543478260869565,-0.7260869565217392,0.5065217391304347,-0.6956521739130435,0.3847826086956522,-0.5739130434782609,0.9108695652173913,-0.3173913043478261,0.8021739130434783,-0.6695652173913044,0.5413043478260869,-0.6347826086956522,0.4021739130434783,-0.5000000000000000,0.9456521739130435,-0.2565217391304348,0.8108695652173913,-0.5434782608695652,0.6065217391304348,-0.5478260869565217,0.4847826086956522,-0.4478260869565218,-0.8195652173913044,-0.5000000000000000,-0.4239130434782609,-0.3347826086956522,-0.1630434782608696,-0.3956521739130435,0.0456521739130435,-0.3956521739130435,0.2282608695652174,-0.4521739130434783,-0.1586956521739130,-0.9391304347826087,0.1673913043478261,-0.9217391304347826,0.3108695652173913,-0.7304347826086957,0.3586956521739130,-0.5652173913043478,-0.1847826086956522,-0.9956521739130435,0.2413043478260870,-0.9826086956521739,0.3717391304347826,-0.7391304347826086,0.3543478260869565,-0.5391304347826087,-0.2065217391304348,-0.9913043478260870,0.2108695652173913,-1.0000000000000000,0.3456521739130435,-0.7565217391304347,0.3456521739130435,-0.5608695652173913,-0.2239130434782609,-0.9086956521739130,0.1239130434782609,-0.8695652173913043,0.2630434782608695,-0.7086956521739131,0.3021739130434782,-0.5565217391304348
rotated_images_B,0.9025974025974026,0.2121212121212121,0.5649350649350650,0.0909090909090909,0.3831168831168831,-0.1515151515151515,0.2402597402597403,-0.3030303030303030,0.1493506493506493,-0.4458874458874459,0.5952380952380952,-0.5757575757575758,0.4653679653679654,-0.8658008658008658,0.2575757575757576,-0.8181818181818182,0.1450216450216450,-0.7056277056277056,0.6818181818181818,-0.5930735930735931,0.4696969696969697,-0.9047619047619048,0.2402597402597403,-0.7792207792207793,0.1623376623376623,-0.6147186147186147,0.7554112554112554,-0.5800865800865801,0.5432900432900433,-0.8614718614718615,0.3051948051948052,-0.7359307359307359,0.2186147186147186,-0.5627705627705628,0.8116883116883117,-0.5281385281385281,0.6125541125541125,-0.7575757575757576,0.4220779220779221,-0.7012987012987013,0.3268398268398268,-0.5800865800865801,-0.9025974025974026,-0.2121212121212121,-0.5129870129870130,-0.1818181818181818,-0.2835497835497836,-0.3203463203463203,-0.0844155844155844,-0.3809523809523809,0.0714285714285714,-0.4891774891774892,-0.4567099567099567,-0.8268398268398268,-0.1363636363636364,-0.9177489177489178,0.0670995670995671,-0.7705627705627706,0.1406926406926407,-0.6233766233766234,-0.5086580086580087,-0.8744588744588745,-0.0930735930735931,-0.9870129870129870,0.1103896103896104,-0.7835497835497836,0.1493506493506493,-0.5930735930735931,-0.5303030303030303,-0.8744588744588745,-0.1147186147186147,-1.0000000000000000,0.0887445887445888,-0.7965367965367965,0.1277056277056277,-0.6190476190476191,-0.5216450216450217,-0.7965367965367965,-0.1580086580086580,-0.8614718614718615,0.0194805194805195,-0.7402597402597403,0.0887445887445888,-0.6147186147186147
rotated_images_B,0.8907563025210085,-0.1428571428571428,0.5462184873949579,-0.1386554621848740,0.3025210084033613,-0.2815126050420168,0.1134453781512605,-0.3781512605042017,-0.0126050420168067,-0.4957983193277311,0.3907563025210084,-0.7773109243697479,0.1596638655462185,-0.9915966386554622,-0.0084033613445378,-0.8907563025210085,-0.0798319327731092,-0.7647058823529411,0.4537815126050420,-0.8193277310924370,0.1302521008403361,-1.0000000000000000,-0.0210084033613445,-0.8151260504201681,-0.0210084033613445,-0.6512605042016807,0.5168067226890757,-0.8193277310924370,0.1974789915966386,-0.9915966386554622,0.0378151260504202,-0.8025210084033614,0.0252100840336134,-0.6218487394957983,0.5630252100840336,-0.7773109243697479,0.2857142857142857,-0.9117647058823529,0.1470588235294118,-0.7941176470588235,0.1218487394957983,-0.6512605042016807,-0.8907563025210085,0.1428571428571428,-0.5084033613445378,0.0168067226890756,-0.3403361344537815,-0.1890756302521008,-0.1764705882352941,-0.3277310924369748,-0.0924369747899160,-0.4915966386554622,-0.7058823529411765,-0.5966386554621849,-0.4537815126050420,-0.8025210084033614,-0.2226890756302521,-0.7478991596638656,-0.0840336134453782,-0.6512605042016807,-0.7563025210084033,-0.6218487394957983,-0.4159663865546219,-0.8823529411764706,-0.1680672268907563,-0.7815126050420168,-0.0630252100840336,-0.6302521008403361,-0.7689075630252101,-0.6134453781512605,-0.4579831932773109,-0.8739495798319328,-0.1974789915966386,-0.7731092436974790,-0.0756302521008403,-0.6260504201680672,-0.7226890756302521,-0.5420168067226890,-0.4285714285714285,-0.7226890756302521,-0.2184873949579832,-0.6764705882352942,-0.0966386554621849,-0.5840336134453782
rotated_images_B,0.8879492600422833,-0.2431289640591966,0.5412262156448203,-0.2008456659619450,0.2706131078224102,-0.3192389006342495,0.0634249471458774,-0.3911205073995772,-0.0803382663847780,-0.4841437632135306,0.2917547568710359,-0.7970401691331924,0.0380549682875264,-0.9788583509513742,-0.1226215644820296,-0.8731501057082452,-0.1860465116279070,-0.7463002114164905,0.3551797040169133,-0.8520084566596194,0.0042283298097252,-1.0000000000000000,-0.1141649048625793,-0.7970401691331924,-0.0930232558139535,-0.6279069767441861,0.4186046511627907,-0.8646934460887949,0.0845665961945032,-1.0000000000000000,-0.0465116279069767,-0.7928118393234672,-0.0380549682875264,-0.6025369978858351,0.4778012684989429,-0.8393234672304439,0.1902748414376321,-0.9450317124735730,0.0634249471458774,-0.8139534883720930,0.0465116279069767,-0.6659619450317125,-0.8879492600422833,0.2431289640591966,-0.5158562367864693,0.0866807610993657,-0.3678646934460888,-0.1458773784355180,-0.2198731501057082,-0.3065539112050740,-0.1479915433403806,-0.4799154334038055,-0.7653276955602537,-0.5137420718816068,-0.5369978858350951,-0.7378435517970402,-0.3044397463002114,-0.7082452431289641,-0.1606765327695560,-0.6279069767441861,-0.8245243128964059,-0.5348837209302325,-0.5200845665961945,-0.8224101479915433,-0.2579281183932347,-0.7505285412262156,-0.1310782241014799,-0.6109936575052854,-0.8329809725158562,-0.5264270613107822,-0.5539112050739958,-0.8224101479915433,-0.2790697674418605,-0.7505285412262156,-0.1395348837209302,-0.6152219873150105,-0.7864693446088795,-0.4672304439746300,-0.5158562367864693,-0.6913319238900634,-0.3002114164904863,-0.6701902748414377,-0.1649048625792812,-0.5983086680761099
rotated_images_B,0.8483606557377049,-0.3114754098360656,0.4877049180327869,-0.2500000000000000,0.2172131147540984,-0.3483606557377049,0.0163934426229508,-0.4098360655737705,-0.1106557377049180,-0.4918032786885246,0.2049180327868853,-0.8278688524590164,-0.0778688524590164,-0.9467213114754098,-0.1967213114754098,-0.7868852459016393,-0.2049180327868853,-0.6434426229508197,0.2663934426229508,-0.8770491803278688,-0.0901639344262295,-1.0000000000000000,-0.2049180327868853,-0.7868852459016393,-0.1680327868852459,-0.6229508196721312,0.3319672131147541,-0.8893442622950820,-0.0204918032786885,-0.9959016393442623,-0.1393442622950820,-0.7745901639344263,-0.1065573770491803,-0.5942622950819673,0.3934426229508197,-0.8606557377049180,0.0778688524590164,-0.9344262295081968,-0.0327868852459016,-0.7909836065573771,-0.0204918032786885,-0.6393442622950820,-0.8483606557377049,0.3114754098360656,-0.4959016393442623,0.1229508196721311,-0.3688524590163935,-0.1270491803278689,-0.2418032786885246,-0.2991803278688525,-0.2008196721311475,-0.4754098360655737,-0.8032786885245902,-0.4426229508196721,-0.6106557377049180,-0.7049180327868853,-0.3811475409836065,-0.7008196721311475,-0.2254098360655738,-0.6270491803278688,-0.8606557377049180,-0.4508196721311475,-0.5901639344262295,-0.7786885245901639,-0.3278688524590164,-0.7295081967213115,-0.1967213114754098,-0.5942622950819673,-0.8647540983606558,-0.4385245901639344,-0.6229508196721312,-0.7581967213114754,-0.3483606557377049,-0.7090163934426229,-0.2090163934426230,-0.5819672131147541,-0.8114754098360656,-0.3811475409836065,-0.5778688524590164,-0.6270491803278688,-0.3688524590163935,-0.6270491803278688,-0.2295081967213115,-0.5655737704918032
rotated_images_B,0.9110169491525424,-0.0423728813559322,0.5677966101694916,-0.0847457627118644,0.3389830508474576,-0.2457627118644068,0.1525423728813559,-0.3601694915254237,0.0338983050847458,-0.4830508474576271,0.4872881355932203,-0.7372881355932204,0.2838983050847458,-0.9830508474576272,0.1059322033898305,-0.8983050847457628,0.0254237288135593,-0.7838983050847458,0.5550847457627118,-0.7669491525423728,0.2372881355932203,-1.0000000000000000,0.0635593220338983,-0.8220338983050848,0.0550847457627119,-0.6567796610169492,0.6101694915254238,-0.7627118644067796,0.3008474576271186,-0.9661016949152542,0.1228813559322034,-0.7838983050847458,0.1016949152542373,-0.6101694915254238,0.6440677966101694,-0.7161016949152542,0.3686440677966102,-0.8855932203389830,0.2245762711864407,-0.7796610169491526,0.1906779661016949,-0.6398305084745762,-0.9110169491525424,0.0423728813559322,-0.5127118644067796,-0.0381355932203390,-0.3220338983050847,-0.2288135593220339,-0.1483050847457627,-0.3516949152542373,-0.0466101694915254,-0.5000000000000000,-0.6355932203389830,-0.6694915254237288,-0.3644067796610169,-0.8516949152542372,-0.1355932203389831,-0.7754237288135594,-0.0084745762711864,-0.6610169491525424,-0.6906779661016950,-0.6991525423728814,-0.3262711864406780,-0.9279661016949152,-0.0847457627118644,-0.7966101694915254,0.0084745762711864,-0.6271186440677966,-0.7033898305084746,-0.6906779661016950,-0.3728813559322034,-0.9279661016949152,-0.1186440677966102,-0.7966101694915254,-0.0211864406779661,-0.6313559322033898,-0.6737288135593220,-0.6144067796610170,-0.3601694915254237,-0.7711864406779662,-0.1567796610169492,-0.6991525423728814,-0.0466101694915254,-0.5932203389830508
rotated_images_B,0.8680851063829788,0.3191489361702128,0.5446808510638298,0.1361702127659574,0.3914893617021277,-0.1063829787234043,0.2595744680851064,-0.2638297872340425,0.1829787234042553,-0.4255319148936170,0.6808510638297872,-0.4808510638297872,0.5404255319148936,-0.7659574468085106,0.3446808510638298,-0.7446808510638298,0.2340425531914894,-0.6510638297872341,0.7617021276595745,-0.4893617021276596,0.5659574468085107,-0.8255319148936170,0.3361702127659574,-0.7531914893617021,0.2382978723404255,-0.6127659574468085,0.8212765957446808,-0.4638297872340426,0.6297872340425532,-0.7787234042553192,0.3787234042553191,-0.7106382978723405,0.2638297872340425,-0.5617021276595745,0.8510638297872340,-0.4127659574468085,0.6680851063829787,-0.6723404255319149,0.4723404255319149,-0.6553191489361702,0.3574468085106383,-0.5489361702127660,-0.8680851063829788,-0.3191489361702128,-0.4808510638297872,-0.2425531914893617,-0.2340425531914894,-0.3531914893617021,-0.0382978723404255,-0.3914893617021277,0.1319148936170213,-0.4765957446808511,-0.3531914893617021,-0.8595744680851064,-0.0425531914893617,-0.9148936170212766,0.1404255319148936,-0.7617021276595745,0.2085106382978723,-0.6170212765957447,-0.4000000000000000,-0.9106382978723404,0.0127659574468085,-0.9787234042553191,0.1914893617021277,-0.7659574468085106,0.2127659574468085,-0.5787234042553191,-0.4170212765957447,-0.9106382978723404,-0.0042553191489362,-1.0000000000000000,0.1702127659574468,-0.7872340425531915,0.1957446808510638,-0.6085106382978723,-0.4127659574468085,-0.8340425531914893,-0.0553191489361702,-0.8723404255319149,0.1021276595744681,-0.7319148936170212,0.1446808510638298,-0.5957446808510638
rotated_images_B,0.8682505399568035,0.4254859611231102,0.5529157667386609,0.1922246220302376,0.4233261339092872,-0.0669546436285097,0.3282937365010799,-0.2397408207343412,0.2678185745140389,-0.4168466522678186,0.7127429805615551,-0.4168466522678186,0.6220302375809935,-0.7149028077753780,0.4319654427645788,-0.7149028077753780,0.3196544276457883,-0.6414686825053996,0.8034557235421166,-0.4168466522678186,0.6738660907127429,-0.7710583153347732,0.4406047516198704,-0.7278617710583153,0.3282937365010799,-0.6025917926565875,0.8725701943844493,-0.3866090712742981,0.7343412526997840,-0.7278617710583153,0.4838012958963283,-0.6760259179265659,0.3585313174946004,-0.5334773218142549,0.9157667386609071,-0.3304535637149028,0.7688984881209503,-0.6025917926565875,0.5658747300215983,-0.6025917926565875,0.4362850971922246,-0.5032397408207343,-0.8682505399568035,-0.4254859611231102,-0.4492440604751620,-0.2786177105831533,-0.1814254859611231,-0.3650107991360691,0.0259179265658747,-0.3952483801295896,0.1987041036717063,-0.4643628509719223,-0.2289416846652268,-0.8660907127429806,0.0863930885529158,-0.9222462203023758,0.2462203023758099,-0.7537796976241901,0.2980561555075594,-0.5939524838012959,-0.2634989200863931,-0.9265658747300216,0.1382289416846652,-0.9870410367170627,0.2980561555075594,-0.7624190064794817,0.2980561555075594,-0.5680345572354212,-0.2894168466522678,-0.9352051835853131,0.1079913606911447,-1.0000000000000000,0.2634989200863931,-0.7710583153347732,0.2764578833693305,-0.5809935205183585,-0.3066954643628509,-0.8704103671706264,0.0388768898488121,-0.8833693304535637,0.1943844492440605,-0.7278617710583153,0.2505399568034557,-0.5766738660907127
rotated_images_B,0.8090128755364807,0.4935622317596566,0.5171673819742489,0.2317596566523605,0.4098712446351931,-0.0386266094420601,0.3283261802575107,-0.2317596566523605,0.3068669527896996,-0.4077253218884120,0.7403433476394849,-0.3690987124463520,0.6759656652360515,-0.6824034334763949,0.4742489270386266,-0.6952789699570815,0.3583690987124464,-0.6223175965665236,0.8261802575107297,-0.3605150214592275,0.7274678111587983,-0.7339055793991416,0.4785407725321889,-0.6866952789699571,0.3626609442060086,-0.5579399141630901,0.8905579399141631,-0.3218884120171674,0.7875536480686696,-0.6738197424892703,0.5257510729613734,-0.6266094420600858,0.3927038626609442,-0.4849785407725322,0.9291845493562232,-0.2575107296137339,0.8047210300429185,-0.5450643776824035,0.6072961373390557,-0.5450643776824035,0.4828326180257511,-0.4377682403433477,-0.8090128755364807,-0.4935622317596566,-0.4270386266094421,-0.3304721030042919,-0.1609442060085837,-0.3905579399141631,0.0450643776824034,-0.3948497854077253,0.2210300429184549,-0.4463519313304721,-0.1609442060085837,-0.9227467811158798,0.1652360515021459,-0.9141630901287554,0.3111587982832618,-0.7296137339055794,0.3540772532188841,-0.5665236051502146,-0.1866952789699571,-0.9828326180257511,0.2381974248927039,-0.9699570815450643,0.3712446351931331,-0.7296137339055794,0.3497854077253219,-0.5321888412017167,-0.2081545064377682,-0.9785407725321889,0.2081545064377682,-1.0000000000000000,0.3412017167381974,-0.7553648068669528,0.3369098712446352,-0.5665236051502146,-0.2253218884120172,-0.8969957081545065,0.1223175965665236,-0.8712446351931330,0.2596566523605150,-0.7081545064377682,0.2982832618025751,-0.5579399141630901
rotated_images_B,0.9028077753779697,0.2138228941684665,0.5658747300215983,0.0928725701943845,0.3844492440604751,-0.1533477321814255,0.2419006479481642,-0.3088552915766739,0.1425485961123110,-0.4470842332613391,0.6047516198704104,-0.5723542116630670,0.4838012958963283,-0.8660907127429806,0.2807775377969762,-0.8185745140388769,0.1727861771058315,-0.7062634989200864,0.6911447084233261,-0.5939524838012959,0.4924406047516199,-0.9049676025917927,0.2548596112311015,-0.7883369330453563,0.1771058315334773,-0.6241900647948164,0.7645788336933045,-0.5766738660907127,0.5572354211663066,-0.8617710583153347,0.3196544276457883,-0.7408207343412527,0.2289416846652268,-0.5723542116630670,0.8120950323974082,-0.5248380129589633,0.6177105831533477,-0.7537796976241901,0.4233261339092872,-0.7019438444924406,0.3282937365010799,-0.5809935205183585,-0.9028077753779697,-0.2138228941684665,-0.5097192224622030,-0.1879049676025918,-0.2764578833693305,-0.3174946004319654,-0.0820734341252700,-0.3779697624190065,0.0691144708423326,-0.4816414686825054,-0.4578833693304535,-0.8358531317494601,-0.1339092872570194,-0.9265658747300216,0.0691144708423326,-0.7840172786177105,0.1468682505399568,-0.6328293736501079,-0.5053995680345572,-0.8790496760259179,-0.0863930885529158,-0.9913606911447084,0.1166306695464363,-0.7883369330453563,0.1511879049676026,-0.6025917926565875,-0.5226781857451404,-0.8704103671706264,-0.1123110151187905,-1.0000000000000000,0.0950323974082073,-0.8012958963282938,0.1339092872570194,-0.6241900647948164,-0.5097192224622030,-0.7840172786177105,-0.1468682505399568,-0.8617710583153347,0.0302375809935205,-0.7408207343412527,0.0950323974082073,-0.6155507559395248
rotated_images_B,0.8872651356993737,-0.1398747390396660,0.5448851774530271,-0.1398747390396660,0.2985386221294363,-0.2860125260960334,0.1064718162839248,-0.3820459290187891,-0.0187891440501044,-0.4947807933194154,0.3820459290187891,-0.7703549060542797,0.1524008350730689,-0.9791231732776617,-0.0104384133611691,-0.8663883089770354,-0.0647181628392484,-0.7286012526096033,0.4488517745302714,-0.8079331941544885,0.1231732776617954,-1.0000000000000000,-0.0271398747390397,-0.8162839248434238,-0.0187891440501044,-0.6450939457202505,0.5114822546972860,-0.8121085594989561,0.1983298538622129,-0.9874739039665971,0.0354906054279749,-0.8037578288100209,0.0187891440501044,-0.6242171189979123,0.5615866388308977,-0.7703549060542797,0.2901878914405011,-0.9081419624217119,0.1482254697286013,-0.7954070981210856,0.1148225469728601,-0.6576200417536534,-0.8872651356993737,0.1398747390396660,-0.5114822546972860,0.0187891440501044,-0.3402922755741127,-0.1941544885177453,-0.1732776617954071,-0.3319415448851775,-0.0897703549060543,-0.4947807933194154,-0.7035490605427975,-0.5949895615866388,-0.4488517745302714,-0.8037578288100209,-0.2192066805845511,-0.7494780793319415,-0.0772442588726514,-0.6492693110647182,-0.7536534446764092,-0.6200417536534447,-0.4154488517745303,-0.8747390396659708,-0.1649269311064718,-0.7703549060542797,-0.0563674321503132,-0.6158663883089770,-0.7620041753653445,-0.6116910229645094,-0.4572025052192067,-0.8747390396659708,-0.1941544885177453,-0.7703549060542797,-0.0814196242171190,-0.6200417536534447,-0.7160751565762005,-0.5407098121085595,-0.4279749478079332,-0.7244258872651357,-0.2192066805845511,-0.6784968684759917,-0.1022964509394572,-0.5824634655532359
rotated_images_B,0.8865546218487395,-0.2394957983193277,0.5336134453781513,-0.1932773109243698,0.2731092436974790,-0.3151260504201681,0.0714285714285714,-0.3865546218487395,-0.0672268907563025,-0.4705882352941176,0.2899159663865546,-0.7899159663865546,0.0336134453781513,-0.9663865546218487,-0.1050420168067227,-0.8319327731092437,-0.1386554621848740,-0.6848739495798319,0.3487394957983193,-0.8445378151260504,0.0084033613445378,-1.0000000000000000,-0.1134453781512605,-0.7941176470588235,-0.0840336134453782,-0.6218487394957983,0.4117647058823529,-0.8571428571428571,0.0840336134453782,-0.9957983193277311,-0.0504201680672269,-0.7899159663865546,-0.0336134453781513,-0.6050420168067226,0.4663865546218487,-0.8319327731092437,0.1890756302521008,-0.9369747899159664,0.0588235294117647,-0.8109243697478992,0.0462184873949580,-0.6638655462184874,-0.8865546218487395,0.2394957983193277,-0.5168067226890757,0.0840336134453782,-0.3739495798319328,-0.1470588235294118,-0.2226890756302521,-0.3067226890756303,-0.1512605042016807,-0.4831932773109244,-0.7647058823529411,-0.5084033613445378,-0.5336134453781513,-0.7394957983193278,-0.3067226890756303,-0.7100840336134454,-0.1680672268907563,-0.6302521008403361,-0.8235294117647058,-0.5336134453781513,-0.5252100840336135,-0.8193277310924370,-0.2605042016806723,-0.7521008403361344,-0.1344537815126050,-0.6092436974789915,-0.8361344537815126,-0.5294117647058824,-0.5588235294117647,-0.8235294117647058,-0.2857142857142857,-0.7521008403361344,-0.1512605042016807,-0.6176470588235294,-0.7899159663865546,-0.4705882352941176,-0.5210084033613446,-0.6890756302521008,-0.3067226890756303,-0.6722689075630253,-0.1722689075630252,-0.6008403361344538
rotated_images_B,0.8445807770961146,-0.3087934560327198,0.4846625766871165,-0.2515337423312883,0.2147239263803681,-0.3496932515337423,0.0143149284253579,-0.4110429447852761,-0.1329243353783231,-0.4805725971370143,0.1942740286298568,-0.8241308793456033,-0.0838445807770961,-0.9427402862985685,-0.1983640081799591,-0.7832310838445807,-0.2024539877300613,-0.6482617586912065,0.2556237218813906,-0.8732106339468303,-0.1002044989775051,-1.0000000000000000,-0.2065439672801636,-0.7873210633946830,-0.1697341513292434,-0.6237218813905930,0.3251533742331288,-0.8854805725971370,-0.0265848670756646,-1.0000000000000000,-0.1411042944785276,-0.7832310838445807,-0.1042944785276074,-0.6032719836400818,0.3865030674846626,-0.8609406952965235,0.0715746421267894,-0.9427402862985685,-0.0388548057259714,-0.7955010224948875,-0.0184049079754601,-0.6441717791411042,-0.8445807770961146,0.3087934560327198,-0.4969325153374233,0.1165644171779141,-0.3742331288343558,-0.1288343558282209,-0.2474437627811861,-0.3047034764826176,-0.2024539877300613,-0.4764826175869121,-0.7914110429447853,-0.4437627811860941,-0.6073619631901841,-0.7096114519427403,-0.3824130879345603,-0.7055214723926381,-0.2351738241308793,-0.6359918200408998,-0.8527607361963190,-0.4519427402862985,-0.5950920245398773,-0.7832310838445807,-0.3292433537832311,-0.7300613496932515,-0.1983640081799591,-0.5910020449897750,-0.8568507157464212,-0.4355828220858896,-0.6196319018404908,-0.7627811860940695,-0.3415132924335378,-0.7055214723926381,-0.2024539877300613,-0.5705521472392638,-0.8077709611451943,-0.3783231083844581,-0.5787321063394683,-0.6319018404907976,-0.3660531697341513,-0.6319018404907976,-0.2269938650306748,-0.5582822085889571
rotated_images_B,0.9092827004219409,-0.0421940928270042,0.5632911392405063,-0.0801687763713080,0.3396624472573840,-0.2405063291139241,0.1540084388185654,-0.3544303797468354,0.0316455696202532,-0.4725738396624473,0.4873417721518987,-0.7383966244725738,0.2637130801687764,-0.9704641350210971,0.0907172995780591,-0.8649789029535865,0.0274261603375527,-0.7383966244725738,0.5548523206751055,-0.7679324894514767,0.2341772151898734,-1.0000000000000000,0.0569620253164557,-0.8227848101265823,0.0485232067510548,-0.6540084388185654,0.6097046413502110,-0.7594936708860760,0.2932489451476794,-0.9662447257383966,0.1202531645569620,-0.7848101265822784,0.0949367088607595,-0.6075949367088608,0.6392405063291139,-0.7130801687763713,0.3607594936708861,-0.8818565400843882,0.2172995780590717,-0.7763713080168776,0.1919831223628692,-0.6329113924050633,-0.9092827004219409,0.0421940928270042,-0.5126582278481012,-0.0379746835443038,-0.3227848101265823,-0.2278481012658228,-0.1455696202531646,-0.3502109704641350,-0.0443037974683544,-0.5063291139240507,-0.6350210970464135,-0.6666666666666666,-0.3649789029535865,-0.8523206751054853,-0.1413502109704641,-0.7763713080168776,-0.0147679324894515,-0.6624472573839663,-0.6898734177215190,-0.6962025316455697,-0.3312236286919831,-0.9282700421940928,-0.0907172995780591,-0.7974683544303798,-0.0021097046413502,-0.6286919831223629,-0.7067510548523207,-0.6877637130801688,-0.3734177215189873,-0.9240506329113924,-0.1244725738396625,-0.7932489451476793,-0.0232067510548523,-0.6329113924050633,-0.6729957805907173,-0.6118143459915611,-0.3607594936708861,-0.7679324894514767,-0.1540084388185654,-0.7004219409282700,-0.0485232067510548,-0.5907172995780591
rotated_images_B,0.8690987124463520,0.3218884120171674,0.5472103004291845,0.1373390557939914,0.3927038626609442,-0.1072961373390558,0.2682403433476395,-0.2703862660944206,0.1952789699570815,-0.4377682403433477,0.6630901287553648,-0.4849785407725322,0.5343347639484979,-0.7682403433476395,0.3369098712446352,-0.7424892703862661,0.2339055793991416,-0.6437768240343348,0.7489270386266095,-0.4978540772532189,0.5686695278969958,-0.8369098712446352,0.3369098712446352,-0.7553648068669528,0.2424892703862661,-0.6094420600858369,0.8175965665236051,-0.4763948497854077,0.6373390557939914,-0.7939914163090128,0.3884120171673820,-0.7124463519313304,0.2725321888412017,-0.5579399141630901,0.8605150214592274,-0.4206008583690987,0.6759656652360515,-0.6781115879828327,0.4785407725321889,-0.6566523605150214,0.3583690987124464,-0.5493562231759657,-0.8690987124463520,-0.3218884120171674,-0.4828326180257511,-0.2403433476394850,-0.2381974248927039,-0.3519313304721030,-0.0407725321888412,-0.3862660944206008,0.1309012875536481,-0.4721030042918455,-0.3583690987124464,-0.8626609442060086,-0.0321888412017167,-0.9184549356223176,0.1523605150214592,-0.7596566523605151,0.2167381974248927,-0.6094420600858369,-0.4012875536480687,-0.9141630901287554,0.0193133047210300,-0.9785407725321889,0.1995708154506438,-0.7596566523605151,0.2210300429184549,-0.5708154506437768,-0.4184549356223176,-0.9141630901287554,0.0021459227467811,-1.0000000000000000,0.1781115879828326,-0.7811158798283262,0.1995708154506438,-0.6008583690987125,-0.4141630901287554,-0.8412017167381974,-0.0536480686695279,-0.8755364806866953,0.1051502145922747,-0.7296137339055794,0.1480686695278970,-0.5965665236051502
rotated_images_B,0.8602150537634409,0.4236559139784946,0.5505376344086022,0.1956989247311828,0.4215053763440860,-0.0580645161290323,0.3139784946236559,-0.2344086021505376,0.2451612903225806,-0.4107526881720430,0.7139784946236559,-0.4064516129032258,0.6193548387096774,-0.6989247311827957,0.4301075268817204,-0.7075268817204301,0.3139784946236559,-0.6344086021505376,0.8000000000000000,-0.4107526881720430,0.6623655913978495,-0.7677419354838709,0.4344086021505376,-0.7247311827956989,0.3182795698924731,-0.6043010752688172,0.8688172043010752,-0.3849462365591398,0.7311827956989247,-0.7247311827956989,0.4817204301075269,-0.6774193548387096,0.3483870967741935,-0.5440860215053763,0.9161290322580645,-0.3290322580645161,0.7655913978494624,-0.6000000000000000,0.5677419354838710,-0.6043010752688172,0.4344086021505376,-0.5139784946236560,-0.8602150537634409,-0.4236559139784946,-0.4473118279569893,-0.2817204301075269,-0.1849462365591398,-0.3634408602150538,0.0215053763440860,-0.3935483870967742,0.2021505376344086,-0.4537634408602150,-0.2322580645161290,-0.8580645161290322,0.0817204301075269,-0.9225806451612903,0.2408602150537635,-0.7505376344086021,0.2881720430107527,-0.5913978494623656,-0.2666666666666667,-0.9225806451612903,0.1333333333333333,-0.9827956989247312,0.2924731182795699,-0.7591397849462366,0.2924731182795699,-0.5655913978494623,-0.2924731182795699,-0.9311827956989247,0.1118279569892473,-1.0000000000000000,0.2623655913978495,-0.7677419354838709,0.2752688172043011,-0.5784946236559140,-0.3096774193548387,-0.8709677419354839,0.0344086021505376,-0.8795698924731182,0.1892473118279570,-0.7247311827956989,0.2365591397849462,-0.5784946236559140
rotated_images_B,0.8142548596112311,0.4989200863930885,0.5248380129589633,0.2311015118790497,0.4168466522678186,-0.0410367170626350,0.3390928725701944,-0.2354211663066955,0.3174946004319654,-0.4125269978401728,0.7580993520518359,-0.3650107991360691,0.6933045356371490,-0.6760259179265659,0.4946004319654428,-0.6846652267818575,0.3779697624190065,-0.6069114470842333,0.8401727861771058,-0.3563714902807775,0.7451403887688985,-0.7278617710583153,0.4989200863930885,-0.6803455723542117,0.3822894168466522,-0.5550755939524838,0.9092872570194385,-0.3174946004319654,0.7969762419006480,-0.6717062634989200,0.5377969762419006,-0.6285097192224622,0.4038876889848812,-0.4859611231101512,0.9438444924406048,-0.2570194384449244,0.8056155507559395,-0.5464362850971922,0.6069114470842333,-0.5464362850971922,0.4859611231101512,-0.4384449244060475,-0.8142548596112311,-0.4989200863930885,-0.4254859611231102,-0.3347732181425486,-0.1576673866090713,-0.3952483801295896,0.0496760259179266,-0.3952483801295896,0.2311015118790497,-0.4470842332613391,-0.1576673866090713,-0.9352051835853131,0.1749460043196544,-0.9179265658747300,0.3174946004319654,-0.7278617710583153,0.3606911447084233,-0.5637149028077754,-0.1835853131749460,-0.9913606911447084,0.2440604751619870,-0.9784017278617710,0.3779697624190065,-0.7321814254859611,0.3563714902807775,-0.5334773218142549,-0.2008639308855291,-0.9870410367170627,0.2138228941684665,-1.0000000000000000,0.3520518358531318,-0.7537796976241901,0.3477321814254860,-0.5593952483801296,-0.2224622030237581,-0.9006479481641468,0.1317494600431965,-0.8704103671706264,0.2699784017278617,-0.7062634989200864,0.3045356371490281,-0.5550755939524838
rotated_images_B,0.8967741935483871,0.2129032258064516,0.5612903225806452,0.0924731182795699,0.3849462365591398,-0.1526881720430107,0.2387096774193548,-0.3032258064516129,0.1526881720430107,-0.4451612903225807,0.5870967741935483,-0.5655913978494623,0.4580645161290323,-0.8494623655913979,0.2559139784946237,-0.8021505376344086,0.1483870967741935,-0.6903225806451613,0.6731182795698925,-0.5870967741935483,0.4752688172043011,-0.8967741935483871,0.2473118279569892,-0.7763440860215054,0.1741935483870968,-0.6129032258064516,0.7462365591397849,-0.5698924731182796,0.5526881720430108,-0.8580645161290322,0.3161290322580645,-0.7376344086021506,0.2301075268817204,-0.5698924731182796,0.8064516129032258,-0.5225806451612903,0.6172043010752688,-0.7505376344086021,0.4279569892473118,-0.6989247311827957,0.3290322580645161,-0.5784946236559140,-0.8967741935483871,-0.2129032258064516,-0.5053763440860215,-0.1870967741935484,-0.2774193548387097,-0.3247311827956989,-0.0838709677419355,-0.3849462365591398,0.0709677419354839,-0.4881720430107527,-0.4537634408602150,-0.8322580645161290,-0.1268817204301075,-0.9225806451612903,0.0752688172043011,-0.7806451612903226,0.1526881720430107,-0.6301075268817204,-0.5053763440860215,-0.8752688172043011,-0.0838709677419355,-0.9913978494623656,0.1182795698924731,-0.7892473118279570,0.1569892473118280,-0.6000000000000000,-0.5225806451612903,-0.8709677419354839,-0.1139784946236559,-1.0000000000000000,0.0924731182795699,-0.8021505376344086,0.1397849462365591,-0.6258064516129033,-0.5139784946236560,-0.7849462365591398,-0.1569892473118280,-0.8580645161290322,0.0236559139784946,-0.7419354838709677,0.0967741935483871,-0.6215053763440860
rotated_images_B,0.8870292887029289,-0.1422594142259414,0.5481171548117155,-0.1380753138075314,0.3012552301255230,-0.2845188284518829,0.1129707112970711,-0.3807531380753138,-0.0167364016736402,-0.5020920502092050,0.3807531380753138,-0.7740585774058577,0.1548117154811715,-0.9874476987447699,-0.0167364016736402,-0.8912133891213390,-0.0878661087866109,-0.7740585774058577,0.4518828451882845,-0.8117154811715481,0.1255230125523012,-1.0000000000000000,-0.0251046025104603,-0.8158995815899581,-0.0209205020920502,-0.6485355648535565,0.5104602510460251,-0.8158995815899581,0.1966527196652720,-0.9874476987447699,0.0376569037656904,-0.7991631799163180,0.0251046025104603,-0.6150627615062761,0.5606694560669456,-0.7740585774058577,0.2887029288702929,-0.9121338912133892,0.1506276150627615,-0.7949790794979079,0.1255230125523012,-0.6527196652719666,-0.8870292887029289,0.1422594142259414,-0.5062761506276151,0.0125523012552301,-0.3430962343096234,-0.1924686192468619,-0.1799163179916318,-0.3347280334728033,-0.0920502092050209,-0.4937238493723849,-0.6987447698744770,-0.5941422594142259,-0.4518828451882845,-0.7991631799163180,-0.2217573221757322,-0.7447698744769874,-0.0836820083682008,-0.6527196652719666,-0.7531380753138075,-0.6192468619246861,-0.4142259414225942,-0.8786610878661087,-0.1673640167364017,-0.7740585774058577,-0.0627615062761506,-0.6234309623430963,-0.7656903765690377,-0.6108786610878661,-0.4560669456066946,-0.8744769874476988,-0.1966527196652720,-0.7698744769874477,-0.0836820083682008,-0.6276150627615062,-0.7238493723849372,-0.5397489539748954,-0.4309623430962343,-0.7238493723849372,-0.2217573221757322,-0.6820083682008368,-0.1004184100418410,-0.5899581589958159
rotated_images_B,0.8825995807127882,-0.2327044025157233,0.5303983228511531,-0.1949685534591195,0.2704402515723270,-0.3165618448637317,0.0649895178197065,-0.3794549266247380,-0.0817610062893082,-0.4758909853249476,0.2830188679245283,-0.7903563941299790,0.0314465408805031,-0.9622641509433962,-0.1236897274633124,-0.8406708595387841,-0.1865828092243187,-0.7148846960167715,0.3501048218029350,-0.8448637316561844,0.0062893081761006,-0.9916142557651991,-0.1153039832285115,-0.7903563941299790,-0.0985324947589098,-0.6226415094339622,0.4129979035639413,-0.8574423480083857,0.0817610062893082,-1.0000000000000000,-0.0482180293501048,-0.7903563941299790,-0.0398322851153040,-0.6058700209643606,0.4675052410901467,-0.8280922431865828,0.1823899371069182,-0.9412997903563941,0.0607966457023061,-0.8113207547169812,0.0398322851153040,-0.6603773584905660,-0.8825995807127882,0.2327044025157233,-0.5178197064989518,0.0817610062893082,-0.3710691823899371,-0.1446540880503145,-0.2243186582809224,-0.3039832285115304,-0.1488469601677149,-0.4800838574423480,-0.7651991614255765,-0.5094339622641509,-0.5429769392033543,-0.7526205450733753,-0.3123689727463312,-0.7232704402515723,-0.1698113207547170,-0.6436058700209644,-0.8238993710691824,-0.5303983228511531,-0.5303983228511531,-0.8280922431865828,-0.2662473794549266,-0.7610062893081762,-0.1446540880503145,-0.6268343815513627,-0.8364779874213837,-0.5220125786163522,-0.5597484276729560,-0.8197064989517819,-0.2872117400419287,-0.7484276729559748,-0.1530398322851153,-0.6184486373165619,-0.7861635220125787,-0.4633123689727464,-0.5178197064989518,-0.6813417190775681,-0.3039832285115304,-0.6603773584905660,-0.1740041928721174,-0.5849056603773585
rotated_images_B,0.8504098360655737,-0.3114754098360656,0.4856557377049180,-0.2540983606557377,0.2192622950819672,-0.3483606557377049,0.0225409836065574,-0.4057377049180328,-0.1250000000000000,-0.4754098360655737,0.1987704918032787,-0.8237704918032787,-0.0840163934426229,-0.9344262295081968,-0.2028688524590164,-0.7786885245901639,-0.2151639344262295,-0.6475409836065574,0.2602459016393442,-0.8770491803278688,-0.1004098360655738,-0.9959016393442623,-0.2151639344262295,-0.7868852459016393,-0.1823770491803279,-0.6229508196721312,0.3258196721311475,-0.8893442622950820,-0.0225409836065574,-1.0000000000000000,-0.1454918032786885,-0.7827868852459017,-0.1127049180327869,-0.6024590163934426,0.3872950819672131,-0.8606557377049180,0.0717213114754098,-0.9344262295081968,-0.0430327868852459,-0.7909836065573771,-0.0266393442622951,-0.6434426229508197,-0.8504098360655737,0.3114754098360656,-0.5020491803278688,0.1229508196721311,-0.3790983606557377,-0.1229508196721311,-0.2479508196721311,-0.2991803278688525,-0.2028688524590164,-0.4713114754098361,-0.8012295081967213,-0.4385245901639344,-0.6127049180327869,-0.7049180327868853,-0.3831967213114754,-0.7008196721311475,-0.2315573770491803,-0.6311475409836066,-0.8586065573770492,-0.4508196721311475,-0.6004098360655737,-0.7786885245901639,-0.3340163934426230,-0.7336065573770492,-0.2028688524590164,-0.5983606557377049,-0.8668032786885246,-0.4385245901639344,-0.6290983606557377,-0.7581967213114754,-0.3504098360655737,-0.7090163934426229,-0.2151639344262295,-0.5819672131147541,-0.8135245901639344,-0.3811475409836065,-0.5799180327868853,-0.6229508196721312,-0.3709016393442623,-0.6270491803278688,-0.2356557377049180,-0.5614754098360656
